{
    "batch_size": 64,
    "learning_rate": [
        0.0010000000474974513,
        9.999999747378752e-06
    ],
    "nb_epoch": 2,
    "optimizer": {
        "beta_1": 0.8999999761581421,
        "beta_2": 0.9990000128746033,
        "decay": 0.0,
        "epsilon": 1e-08,
        "lr": 9.999999747378752e-06
    },
    "test_loss": [
        [
            1.9672805852890014,
            0.3176
        ],
        [
            1.9564984479904175,
            0.3221
        ]
    ],
    "train_loss": [
        [
            2.0986716747283936,
            0.2566676735877991
        ],
        [
            1.9625906944274902,
            0.32067862153053284
        ]
    ]
}