{
    "batch_size": 64,
    "learning_rate": [
        9.999999747378752e-06
    ],
    "nb_epoch": 1,
    "optimizer": {
        "beta_1": 0.8999999761581421,
        "beta_2": 0.9990000128746033,
        "decay": 0.0,
        "epsilon": 1e-08,
        "lr": 9.999999747378752e-06
    },
    "test_loss": [
        [
            2.354383561706543,
            0.0944
        ]
    ],
    "train_loss": [
        [
            2.3694238662719727,
            0.09173841029405594
        ]
    ]
}