{
    "batch_size": 64,
    "learning_rate": [
        0.0010000000474974513,
        0.0010000000474974513,
        0.0010000000474974513,
        0.0010000000474974513,
        0.0010000000474974513,
        0.0010000000474974513,
        0.0010000000474974513
    ],
    "nb_epoch": 30,
    "optimizer": {
        "beta_1": 0.8999999761581421,
        "beta_2": 0.9990000128746033,
        "decay": 0.0,
        "epsilon": 1e-08,
        "lr": 0.0010000000474974513
    },
    "test_loss": [
        [
            0.9642761355400086,
            0.749
        ],
        [
            0.7211252390861511,
            0.7914
        ],
        [
            0.6332922674179077,
            0.8143
        ],
        [
            0.579410292673111,
            0.8349
        ],
        [
            0.5214774851322174,
            0.8569
        ],
        [
            0.4659604778289795,
            0.8761
        ],
        [
            0.427626779794693,
            0.8899
        ]
    ],
    "train_loss": [
        [
            1.4499105215072632,
            0.5957288146018982
        ],
        [
            0.8190388679504395,
            0.7638891935348511
        ],
        [
            0.6970784068107605,
            0.7944182753562927
        ],
        [
            0.6295989751815796,
            0.8173826336860657
        ],
        [
            0.5707316398620605,
            0.8404005765914917
        ],
        [
            0.5162984132766724,
            0.8609199523925781
        ],
        [
            0.46846818923950195,
            0.8793194890022278
        ]
    ]
}